Workbook

Sheet Licencias
A1: Colegio / circunscripción | B1: Apellido y nombre | C1: Matrícula | D1: Tipo de profesional | E1: Fecha de comienzo | F1: Tipo de licencia | G1: Cantidad de días hábiles (solo si el tipo es "Otro") | H1: Observación (obligatoria si el tipo es "Otro") | I1: Días hábiles que aplica el sistema | J1: Estado de la fila
I2: =IF(F2="","",IF(ISNUMBER(VLOOKUP(F2,Tipos!$B$2:$D$4,2,FALSE)),VLOOKUP(F2,Tipos!$B$2:$D$4,2,FALSE),IF(G2="","faltan los días",G2))) | J2: =IF(COUNTA(A2:H2)=0,"",IF(OR(A2="",B2="",C2="",D2="",E2="",F2=""),"Incompleta",IF(I2="faltan los días","Faltan los días",IF(AND(VLOOKUP(F2,Tipos!$B$2:$D$4,3,FALSE)="Sí",H2=""),"Falta la observación","Lista para cargar"))))
I3: =IF(F3="","",IF(ISNUMBER(VLOOKUP(F3,Tipos!$B$2:$D$4,2,FALSE)),VLOOKUP(F3,Tipos!$B$2:$D$4,2,FALSE),IF(G3="","faltan los días",G3))) | J3: =IF(COUNTA(A3:H3)=0,"",IF(OR(A3="",B3="",C3="",D3="",E3="",F3=""),"Incompleta",IF(I3="faltan los días","Faltan los días",IF(AND(VLOOKUP(F3,Tipos!$B$2:$D$4,3,FALSE)="Sí",H3=""),"Falta la observación","Lista para cargar"))))
I4: =IF(F4="","",IF(ISNUMBER(VLOOKUP(F4,Tipos!$B$2:$D$4,2,FALSE)),VLOOKUP(F4,Tipos!$B$2:$D$4,2,FALSE),IF(G4="","faltan los días",G4))) | J4: =IF(COUNTA(A4:H4)=0,"",IF(OR(A4="",B4="",C4="",D4="",E4="",F4=""),"Incompleta",IF(I4="faltan los días","Faltan los días",IF(AND(VLOOKUP(F4,Tipos!$B$2:$D$4,3,FALSE)="Sí",H4=""),"Falta la observación","Lista para cargar"))))
I5: =IF(F5="","",IF(ISNUMBER(VLOOKUP(F5,Tipos!$B$2:$D$4,2,FALSE)),VLOOKUP(F5,Tipos!$B$2:$D$4,2,FALSE),IF(G5="","faltan los días",G5))) | J5: =IF(COUNTA(A5:H5)=0,"",IF(OR(A5="",B5="",C5="",D5="",E5="",F5=""),"Incompleta",IF(I5="faltan los días","Faltan los días",IF(AND(VLOOKUP(F5,Tipos!$B$2:$D$4,3,FALSE)="Sí",H5=""),"Falta la observación","Lista para cargar"))))
I6: =IF(F6="","",IF(ISNUMBER(VLOOKUP(F6,Tipos!$B$2:$D$4,2,FALSE)),VLOOKUP(F6,Tipos!$B$2:$D$4,2,FALSE),IF(G6="","faltan los días",G6))) | J6: =IF(COUNTA(A6:H6)=0,"",IF(OR(A6="",B6="",C6="",D6="",E6="",F6=""),"Incompleta",IF(I6="faltan los días","Faltan los días",IF(AND(VLOOKUP(F6,Tipos!$B$2:$D$4,3,FALSE)="Sí",H6=""),"Falta la observación","Lista para cargar"))))
I7: =IF(F7="","",IF(ISNUMBER(VLOOKUP(F7,Tipos!$B$2:$D$4,2,FALSE)),VLOOKUP(F7,Tipos!$B$2:$D$4,2,FALSE),IF(G7="","faltan los días",G7))) | J7: =IF(COUNTA(A7:H7)=0,"",IF(OR(A7="",B7="",C7="",D7="",E7="",F7=""),"Incompleta",IF(I7="faltan los días","Faltan los días",IF(AND(VLOOKUP(F7,Tipos!$B$2:$D$4,3,FALSE)="Sí",H7=""),"Falta la observación","Lista para cargar"))))
I8: =IF(F8="","",IF(ISNUMBER(VLOOKUP(F8,Tipos!$B$2:$D$4,2,FALSE)),VLOOKUP(F8,Tipos!$B$2:$D$4,2,FALSE),IF(G8="","faltan los días",G8))) | J8: =IF(COUNTA(A8:H8)=0,"",IF(OR(A8="",B8="",C8="",D8="",E8="",F8=""),"Incompleta",IF(I8="faltan los días","Faltan los días",IF(AND(VLOOKUP(F8,Tipos!$B$2:$D$4,3,FALSE)="Sí",H8=""),"Falta la observación","Lista para cargar"))))
I9: =IF(F9="","",IF(ISNUMBER(VLOOKUP(F9,Tipos!$B$2:$D$4,2,FALSE)),VLOOKUP(F9,Tipos!$B$2:$D$4,2,FALSE),IF(G9="","faltan los días",G9))) | J9: =IF(COUNTA(A9:H9)=0,"",IF(OR(A9="",B9="",C9="",D9="",E9="",F9=""),"Incompleta",IF(I9="faltan los días","Faltan los días",IF(AND(VLOOKUP(F9,Tipos!$B$2:$D$4,3,FALSE)="Sí",H9=""),"Falta la observación","Lista para cargar"))))
I10: =IF(F10="","",IF(ISNUMBER(VLOOKUP(F10,Tipos!$B$2:$D$4,2,FALSE)),VLOOKUP(F10,Tipos!$B$2:$D$4,2,FALSE),IF(G10="","faltan los días",G10))) | J10: =IF(COUNTA(A10:H10)=0,"",IF(OR(A10="",B10="",C10="",D10="",E10="",F10=""),"Incompleta",IF(I10="faltan los días","Faltan los días",IF(AND(VLOOKUP(F10,Tipos!$B$2:$D$4,3,FALSE)="Sí",H10=""),"Falta la observación","Lista para cargar"))))
I11: =IF(F11="","",IF(ISNUMBER(VLOOKUP(F11,Tipos!$B$2:$D$4,2,FALSE)),VLOOKUP(F11,Tipos!$B$2:$D$4,2,FALSE),IF(G11="","faltan los días",G11))) | J11: =IF(COUNTA(A11:H11)=0,"",IF(OR(A11="",B11="",C11="",D11="",E11="",F11=""),"Incompleta",IF(I11="faltan los días","Faltan los días",IF(AND(VLOOKUP(F11,Tipos!$B$2:$D$4,3,FALSE)="Sí",H11=""),"Falta la observación","Lista para cargar"))))
I12: =IF(F12="","",IF(ISNUMBER(VLOOKUP(F12,Tipos!$B$2:$D$4,2,FALSE)),VLOOKUP(F12,Tipos!$B$2:$D$4,2,FALSE),IF(G12="","faltan los días",G12))) | J12: =IF(COUNTA(A12:H12)=0,"",IF(OR(A12="",B12="",C12="",D12="",E12="",F12=""),"Incompleta",IF(I12="faltan los días","Faltan los días",IF(AND(VLOOKUP(F12,Tipos!$B$2:$D$4,3,FALSE)="Sí",H12=""),"Falta la observación","Lista para cargar"))))
I13: =IF(F13="","",IF(ISNUMBER(VLOOKUP(F13,Tipos!$B$2:$D$4,2,FALSE)),VLOOKUP(F13,Tipos!$B$2:$D$4,2,FALSE),IF(G13="","faltan los días",G13))) | J13: =IF(COUNTA(A13:H13)=0,"",IF(OR(A13="",B13="",C13="",D13="",E13="",F13=""),"Incompleta",IF(I13="faltan los días","Faltan los días",IF(AND(VLOOKUP(F13,Tipos!$B$2:$D$4,3,FALSE)="Sí",H13=""),"Falta la observación","Lista para cargar"))))
... I501: =IF(F501="","",IF(ISNUMBER(VLOOKUP(F501,Tipos!$B$2:$D$4,2,FALSE)),VLOOKUP(F501,Tipos!$B$2:$D$4,2,FALSE),IF(G501="","faltan los días",G501))) | J501: =IF(COUNTA(A501:H501)=0,"",IF(OR(A501="",B501="",C501="",D501="",E501="",F501=""),"Incompleta",IF(I501="faltan los días","Faltan los días",IF(AND(VLOOKUP(F501,Tipos!$B$2:$D$4,3,FALSE)="Sí",H501=""),"Falta la observación","Lista para cargar"))))

Sheet Colegios
A1: Colegio / circunscripción
A2: 1ª · Santa Fe
A3: 2ª · Rosario
A4: 3ª · Venado Tuerto
A5: 4ª · Reconquista
A6: 5ª · Rafaela

Sheet Tipos
A1: Código | B1: Tipo de licencia | C1: Días hábiles | D1: Observación obligatoria | E1: Máximo de días por año | F1: Si se supera
A2: FALL | B2: Fallecimiento de familiar directo | C2: 3 | D2: No | E2: 3 | F2: Se avisa
A3: MAT | B3: Maternidad, paternidad o adopción | C3: 30 | D3: No | E3: Sin máximo | F3: —
A4: OTRO | B4: Otro (días a mano) | C4: A mano | D4: Sí | E4: Sin máximo | F4: —
A6: Hoja bloqueada: es el catálogo del sistema. Si cambia, hay que regenerar la plantilla.

Sheet Instrucciones
B1: Plantilla de licencias de abogados
B2: Completar la hoja "Licencias", una fila por licencia, desde la fila 2. Máximo 500 filas por archivo.
B4: Días hábiles
B5: La cantidad de días se cuenta en días hábiles judiciales, desde la fecha de comienzo (no se cuentan sábados, domingos, feriados ni asuetos). El sistema no calcula la fecha de fin.
B7: Tipo de profesional
B8: Se elige de la lista: Abogado/a o Procurador/a. Es obligatorio.
B10: Tipo de licencia
B11: Se elige de la lista. Cada tipo tiene sus días hábiles (hoja Tipos): el sistema los completa y no se pueden escribir. Si la licencia no corresponde a ningún tipo de la lista, elegir «Otro (días a mano)».
B13: «Otro (días a mano)»
B14: Solo para este tipo se escribe la cantidad de días hábiles, y la observación es obligatoria: debe describir qué tipo de licencia es. No incluir diagnósticos ni datos de salud.
B16: Máximo de días por año
B17: Algunos tipos tienen un máximo de días hábiles por año y por abogado (hoja Tipos). El sistema lo controla al validar el archivo: si una licencia lo supera, avisa en esa fila (o la rechaza, si el tipo está configurado así). No hace falta calcularlo en Excel.
... B22: Ejemplos de filas bien completadas (no las copies como datos reales)
B23: Colegio / circunscripción | C23: Apellido y nombre | D23: Matrícula | E23: Tipo de profesional | F23: Fecha de comienzo | G23: Tipo de licencia | H23: Cantidad de días hábiles | I23: Observación
B24: 2ª · Rosario | C24: BARRAZA, Luis | D24: R-1093 | E24: Abogado/a | F24: 20/10/2026 | G24: Fallecimiento de familiar directo
B25: 2ª · Rosario | C25: ALCARAZ, Sofía | D25: R-4412 | E25: Procurador/a | F25: 13/10/2026 | G25: Otro (días a mano) | H25: 5 | I25: Licencia por capacitación
